热搜标题,热搜排名,热搜热度,热榜时间,链接地址
24小时直击各地降雪春运实况,1,11625690,1707100830,https://www.douyin.com/hot/1578559
过年氛围感拉满了,2,11622760,1707125222,https://www.douyin.com/hot/1579167
向“风雪巡边人”致敬,3,11236908,1707141431,https://www.douyin.com/hot/1579544
坐不住了龙年必须整活,4,10879816,1707132564,https://www.douyin.com/hot/1579339
为何有人过年回家住酒店,5,10872306,1707130181,https://www.douyin.com/hot/1579305
走爸妈的路让他们无路可走,6,10769040,1707126459,https://www.douyin.com/hot/1579213
梅西抵达日本,7,10377921,1707141379,https://www.douyin.com/hot/1579542
你们家衣柜也是这么分配的吗,8,10216533,1707138941,https://www.douyin.com/hot/1579490
陈泽英雄联盟首播,9,9940664,1707149022,https://www.douyin.com/hot/1579625
当老公发了年终奖,10,9929517,1707142845,https://www.douyin.com/hot/1579574
这就是雪落下的声音吗,11,9841841,1707143855,https://www.douyin.com/hot/1579587
听一万遍指纹能不能变成我们,12,9781548,1707128919,https://www.douyin.com/hot/1579276
你一定觉得我很温柔吧,13,9673251,1707115177,https://www.douyin.com/hot/1578842
陈芋汐全红婵携手晋级10米台决赛,14,9656412,1707122847,https://www.douyin.com/hot/1579105
为什么绿皮车不怕大雪,15,9635161,1707116141,https://www.douyin.com/hot/1578895
我回老家后的女王待遇,16,9572421,1707130395,https://www.douyin.com/hot/1579311
澳籍间谍杨军被判死缓,17,9496694,1707137643,https://www.douyin.com/hot/1579463
煎饼果仔新短剧年兽抖音首发,18,9424801,1707139030,https://www.douyin.com/hot/1579497
大圆哥登上河南卫视春晚,19,9412245,1707124320,https://www.douyin.com/hot/1579142
林更新又帅回来了,20,9375553,1707118597,https://www.douyin.com/hot/1578945
北京昌平线地铁事故18人被问责,21,9343298,1707142955,https://www.douyin.com/hot/1579576
农民工1.9万元工资被捡走,22,9322770,1707107920,https://www.douyin.com/hot/1578731
教育局回应曝中学老师性骚扰女生,23,9263719,1707115280,https://www.douyin.com/hot/1578847
杨紫曾在淘宝买红毯活动衣服,24,9258591,1707134701,https://www.douyin.com/hot/1579390
杨紫因拍戏婉拒春晚,25,9252769,1707108556,https://www.douyin.com/hot/1578736
贾斯汀比伯的冰球基因觉醒了,26,9251614,1707134530,https://www.douyin.com/hot/1579385
霍启刚要求迈阿密国际道歉,27,9233950,1707094920,https://www.douyin.com/hot/1578438
证监会再发声,28,9198479,1707109044,https://www.douyin.com/hot/1578746
西游记师徒四人重聚,29,9168843,1707146719,https://www.douyin.com/hot/1579616
网友记录暴雪下的春运返乡路,30,9082753,1707107443,https://www.douyin.com/hot/1578725
新闻女王教猫一杯做拽姐,31,9064515,1707138252,https://www.douyin.com/hot/1579477
梅西赛后露出遗憾表情,32,9029792,1707093014,https://www.douyin.com/hot/1578393
周冬雨吃烤串五官都在用力,33,9022240,1707102047,https://www.douyin.com/hot/1578600
杨紫新年发型简易版,34,8961630,1707144113,https://www.douyin.com/hot/1579591
水月洛神的BE美学,35,8952557,1707112632,https://www.douyin.com/hot/1578795
如何评价飞驰人生2,36,8911417,1707142161,https://www.douyin.com/hot/1579560
A股千股跌停,37,8904928,1707100446,https://www.douyin.com/hot/1578548
捡小孩当事人回应报警说了什么,38,8849238,1707134721,https://www.douyin.com/hot/1579391
冬天做一朵属于自己的冰莲花,39,8844408,1707116909,https://www.douyin.com/hot/1578912
雪球夹创意玩法挑战,40,8839007,1707111251,https://www.douyin.com/hot/1578771
Letme想卸任RNG教练,41,8820911,1707123391,https://www.douyin.com/hot/1579119
湖北高速路况实时播报,42,8786954,1707100014,https://www.douyin.com/hot/1578537
秀出你的龙年新皮肤,43,8766736,1707104668,https://www.douyin.com/hot/1578669
烟火人家定档,44,8746780,1707134088,https://www.douyin.com/hot/1579377
飞驰2北京提前看片礼,45,8691933,1707125622,https://www.douyin.com/hot/1579179
一不小心手滑了,46,8686989,1707112254,https://www.douyin.com/hot/1578788
无法停止想念你手势舞,47,8684886,1707112857,https://www.douyin.com/hot/1578800
怕狗的人vs怕人的狗,48,8683885,1707111681,https://www.douyin.com/hot/1578776
